ID,label
1,incorrect
2,incorrect
3,incorrect
4,incorrect
5,incorrect
6,incorrect
7,incorrect
8,incorrect
9,correct
10,incorrect
11,incorrect
12,incorrect
13,incorrect
14,incorrect
15,incorrect
16,incorrect
17,incorrect
18,incorrect
19,incorrect
20,incorrect
21,incorrect
22,incorrect
23,incorrect
24,incorrect
25,incorrect
26,incorrect
27,incorrect
28,incorrect
29,incorrect
30,incorrect
31,incorrect
32,incorrect
33,incorrect
34,incorrect
35,incorrect
36,incorrect
37,incorrect
38,incorrect
39,incorrect
40,incorrect
41,incorrect
42,incorrect
43,incorrect
44,incorrect
45,incorrect
46,incorrect
47,incorrect
48,incorrect
49,incorrect
50,incorrect
51,incorrect
52,incorrect
53,incorrect
54,incorrect
55,incorrect
56,incorrect
57,incorrect
58,incorrect
59,incorrect
60,correct
61,incorrect
62,incorrect
63,incorrect
64,incorrect
65,incorrect
66,incorrect
67,incorrect
68,incorrect
69,incorrect
70,incorrect
71,incorrect
72,incorrect
73,incorrect
74,incorrect
75,incorrect
76,incorrect
77,incorrect
78,incorrect
79,incorrect
80,incorrect
81,incorrect
82,incorrect
83,incorrect
84,incorrect
85,incorrect
86,incorrect
87,incorrect
88,incorrect
89,incorrect
90,incorrect
91,incorrect
92,incorrect
93,incorrect
94,incorrect
95,incorrect
96,incorrect
97,incorrect
98,incorrect
99,incorrect
100,incorrect
101,incorrect
102,incorrect
103,incorrect
104,incorrect
105,incorrect
106,incorrect
107,incorrect
108,incorrect
109,incorrect
110,incorrect
111,incorrect
112,incorrect
113,incorrect
114,incorrect
115,incorrect
116,incorrect
117,incorrect
118,incorrect
119,incorrect
120,incorrect
121,incorrect
122,incorrect
123,incorrect
124,incorrect
125,incorrect
126,incorrect
127,incorrect
128,incorrect
129,incorrect
130,incorrect
131,incorrect
132,incorrect
133,incorrect
134,incorrect
135,incorrect
136,incorrect
137,correct
138,incorrect
139,incorrect
140,incorrect
141,incorrect
142,incorrect
143,incorrect
144,incorrect
145,incorrect
146,incorrect
147,incorrect
148,incorrect
149,incorrect
150,incorrect
151,incorrect
152,incorrect
153,incorrect
154,incorrect
155,incorrect
156,incorrect
157,incorrect
158,incorrect
159,incorrect
160,incorrect
161,incorrect
162,incorrect
163,incorrect
164,incorrect
165,incorrect
166,incorrect
167,incorrect
168,incorrect
169,incorrect
170,incorrect
171,incorrect
172,incorrect
173,incorrect
174,incorrect
175,incorrect
176,incorrect
177,incorrect
178,incorrect
179,incorrect
180,incorrect
181,incorrect
182,incorrect
183,incorrect
184,incorrect
185,incorrect
186,incorrect
187,incorrect
188,incorrect
189,incorrect
190,incorrect
191,incorrect
192,incorrect
193,incorrect
194,incorrect
195,incorrect
196,incorrect
197,incorrect
198,incorrect
199,incorrect
200,incorrect
201,incorrect
202,incorrect
203,incorrect
204,incorrect
205,incorrect
206,incorrect
207,incorrect
208,incorrect
209,incorrect
210,incorrect
211,incorrect
212,incorrect
213,incorrect
214,incorrect
215,incorrect
216,incorrect
217,incorrect
218,incorrect
219,incorrect
220,incorrect
221,incorrect
222,incorrect
223,incorrect
224,incorrect
225,incorrect
226,incorrect
227,incorrect
228,incorrect
229,incorrect
230,incorrect
231,incorrect
232,incorrect
233,incorrect
234,incorrect
235,incorrect
236,incorrect
237,incorrect
238,incorrect
239,correct
240,incorrect
241,incorrect
242,incorrect
243,incorrect
244,incorrect
245,incorrect
246,incorrect
247,incorrect
248,incorrect
249,incorrect
250,correct
251,incorrect
252,incorrect
253,incorrect
254,incorrect
255,incorrect
256,incorrect
257,incorrect
258,incorrect
259,incorrect
260,incorrect
261,incorrect
262,incorrect
263,incorrect
264,incorrect
265,incorrect
266,incorrect
267,correct
268,incorrect
269,incorrect
270,incorrect
271,incorrect
272,incorrect
273,incorrect
274,incorrect
275,incorrect
276,incorrect
277,incorrect
278,correct
279,incorrect
280,incorrect
281,incorrect
282,incorrect
283,incorrect
284,incorrect
285,incorrect
286,incorrect
288,incorrect
289,incorrect
290,incorrect
291,incorrect
292,incorrect
293,incorrect
294,incorrect
295,incorrect
296,incorrect
297,incorrect
298,incorrect
299,incorrect
300,incorrect
301,incorrect
302,incorrect
303,incorrect
304,incorrect
305,incorrect
306,incorrect
307,incorrect
308,incorrect
309,incorrect
310,incorrect
311,incorrect
312,incorrect
313,incorrect
314,incorrect
315,incorrect
316,incorrect
317,incorrect
318,incorrect
319,incorrect
320,incorrect
321,incorrect
322,incorrect
323,incorrect
324,incorrect
325,incorrect
326,incorrect
327,incorrect
328,incorrect
329,incorrect
330,incorrect
331,incorrect
332,incorrect
333,incorrect
334,incorrect
335,incorrect
336,incorrect
337,incorrect
338,incorrect
339,incorrect
340,incorrect
341,incorrect
342,incorrect
343,incorrect
344,incorrect
345,incorrect
346,incorrect
347,incorrect
348,incorrect
349,incorrect
350,incorrect
351,incorrect
352,incorrect
353,incorrect
354,incorrect
355,incorrect
356,correct
357,incorrect
358,incorrect
359,incorrect
360,incorrect
361,incorrect
362,incorrect
363,incorrect
364,incorrect
365,incorrect
366,incorrect
367,incorrect
368,incorrect
369,incorrect
370,incorrect
371,incorrect
372,incorrect
373,incorrect
374,incorrect
375,incorrect
376,incorrect
377,incorrect
378,incorrect
379,incorrect
380,incorrect
381,incorrect
382,incorrect
383,incorrect
384,incorrect
385,incorrect
386,incorrect
387,incorrect
388,incorrect
389,incorrect
390,incorrect
391,incorrect
392,incorrect
393,incorrect
394,incorrect
395,incorrect
396,incorrect
397,incorrect
398,incorrect
399,incorrect
400,incorrect
401,incorrect
402,incorrect
403,incorrect
404,incorrect
405,incorrect
406,incorrect
407,incorrect
408,incorrect
409,incorrect
410,incorrect
411,incorrect
412,incorrect
413,incorrect
414,incorrect
415,correct
416,incorrect
417,incorrect
418,incorrect
419,incorrect
420,correct
421,incorrect
422,incorrect
423,incorrect
424,incorrect
425,incorrect
426,incorrect
427,incorrect
428,incorrect
429,correct
430,incorrect
431,incorrect
432,incorrect
433,incorrect
434,incorrect
435,correct
436,incorrect
437,incorrect
438,incorrect
439,incorrect
440,incorrect
441,incorrect
442,incorrect
443,incorrect
444,incorrect
445,incorrect
446,incorrect
447,incorrect
448,incorrect
449,incorrect
450,incorrect
451,incorrect
452,incorrect
453,incorrect
454,correct
455,incorrect
456,incorrect
457,correct
458,incorrect
459,correct
460,incorrect
461,incorrect
462,incorrect
463,incorrect
464,incorrect
465,incorrect
466,incorrect
467,incorrect
468,incorrect
469,incorrect
470,incorrect
471,incorrect
472,incorrect
473,incorrect
474,incorrect
475,incorrect
476,incorrect
477,incorrect
478,incorrect
479,incorrect
480,incorrect
481,incorrect
482,incorrect
483,incorrect
484,incorrect
485,incorrect
486,incorrect
487,incorrect
488,incorrect
489,incorrect
490,incorrect
491,incorrect
492,incorrect
493,incorrect
494,incorrect
495,incorrect
496,incorrect
497,incorrect
498,incorrect
499,incorrect
500,incorrect
501,incorrect
502,incorrect
503,incorrect
504,incorrect
505,incorrect
506,incorrect
507,incorrect
508,incorrect
509,incorrect
510,incorrect
511,incorrect
512,incorrect
513,incorrect
514,incorrect
515,incorrect
516,incorrect
517,incorrect
518,incorrect
519,incorrect
520,incorrect
521,incorrect
522,incorrect
523,incorrect
524,incorrect
525,incorrect
526,incorrect
527,incorrect
528,incorrect
529,incorrect
530,incorrect
531,incorrect
532,incorrect
533,incorrect
534,incorrect
535,incorrect
536,incorrect
537,incorrect
538,incorrect
539,incorrect
540,incorrect
541,incorrect
542,incorrect
543,incorrect
544,incorrect
545,incorrect
546,incorrect
547,incorrect
548,incorrect
549,incorrect
550,incorrect
551,incorrect
552,incorrect
553,incorrect
554,incorrect
555,incorrect
556,incorrect
557,incorrect
558,incorrect
559,incorrect
560,incorrect
561,incorrect
562,incorrect
563,incorrect
564,incorrect
565,incorrect
566,incorrect
567,incorrect
568,incorrect
569,incorrect
570,incorrect
571,incorrect
572,incorrect
573,incorrect
574,incorrect
575,incorrect
576,incorrect
577,incorrect
578,incorrect
579,incorrect
580,incorrect
581,incorrect
582,incorrect
583,correct
584,incorrect
585,incorrect
586,incorrect
587,incorrect
588,incorrect
589,incorrect
590,incorrect
591,incorrect
592,incorrect
593,incorrect
594,incorrect
595,incorrect
596,incorrect
597,incorrect
598,incorrect
599,incorrect
600,incorrect
601,incorrect
602,incorrect
603,incorrect
604,incorrect
605,incorrect
606,incorrect
607,incorrect
608,incorrect
609,incorrect
610,incorrect
611,incorrect
612,incorrect
613,incorrect
614,incorrect
615,incorrect
616,incorrect
617,incorrect
618,incorrect
619,incorrect
620,incorrect
621,incorrect
622,incorrect
623,incorrect
624,incorrect
625,incorrect
626,incorrect
627,incorrect
628,incorrect
629,incorrect
630,incorrect
631,incorrect
632,incorrect
633,incorrect
634,correct
635,incorrect
636,incorrect
637,incorrect
638,incorrect
639,incorrect
640,incorrect
641,incorrect
642,incorrect
643,incorrect
644,correct
645,incorrect
646,incorrect
647,incorrect
648,incorrect
649,incorrect
650,incorrect
651,incorrect
652,incorrect
653,incorrect
654,incorrect
655,incorrect
656,incorrect
657,incorrect
658,incorrect
659,incorrect
660,incorrect
661,incorrect
662,incorrect
663,incorrect
664,incorrect
665,incorrect
666,incorrect
667,incorrect
668,incorrect
669,incorrect
670,incorrect
671,incorrect
672,incorrect
673,incorrect
674,incorrect
675,incorrect
676,incorrect
677,incorrect
678,incorrect
679,incorrect
680,incorrect
681,incorrect
682,incorrect
683,incorrect
684,incorrect
685,incorrect
686,incorrect
687,incorrect
688,incorrect
689,incorrect
690,incorrect
691,incorrect
692,incorrect
693,incorrect
694,incorrect
695,incorrect
696,incorrect
697,incorrect
698,incorrect
699,incorrect
700,incorrect
701,incorrect
702,incorrect
703,incorrect
704,incorrect
705,incorrect
706,incorrect
707,incorrect
708,incorrect
709,incorrect
710,incorrect
711,incorrect
712,incorrect
713,correct
714,incorrect
715,incorrect
716,incorrect
717,incorrect
718,incorrect
719,incorrect
720,incorrect
721,incorrect
722,incorrect
723,incorrect
724,incorrect
725,incorrect
726,incorrect
727,incorrect
728,incorrect
729,incorrect
730,incorrect
731,incorrect
732,incorrect
733,correct
734,incorrect
735,incorrect
736,incorrect
737,incorrect
738,incorrect
739,incorrect
740,incorrect
741,incorrect
742,incorrect
743,incorrect
744,incorrect
745,incorrect
746,incorrect
747,incorrect
748,incorrect
749,incorrect
750,incorrect
751,incorrect
752,incorrect
753,incorrect
754,incorrect
755,incorrect
756,incorrect
757,incorrect
758,incorrect
759,incorrect
760,incorrect
761,incorrect
762,incorrect
763,incorrect
764,incorrect
765,incorrect
766,incorrect
767,incorrect
768,incorrect
769,incorrect
770,incorrect
771,incorrect
772,incorrect
773,incorrect
774,incorrect
775,incorrect
776,incorrect
777,incorrect
778,incorrect
779,incorrect
780,incorrect
781,incorrect
782,incorrect
783,incorrect
784,incorrect
785,incorrect
786,incorrect
787,incorrect
788,incorrect
789,incorrect
790,incorrect
791,incorrect
792,incorrect
793,correct
794,incorrect
795,incorrect
796,incorrect
797,incorrect
798,incorrect
799,incorrect
800,incorrect
801,incorrect
802,incorrect
803,incorrect
804,incorrect
805,incorrect
806,incorrect
807,incorrect
808,incorrect
809,incorrect
810,incorrect
811,incorrect
812,correct
813,incorrect
814,incorrect
815,incorrect
816,incorrect
817,incorrect
818,incorrect
819,incorrect
820,incorrect
821,incorrect
822,incorrect
823,incorrect
824,incorrect
825,incorrect
826,incorrect
827,incorrect
828,incorrect
829,incorrect
830,incorrect
831,incorrect
832,incorrect
833,incorrect
834,incorrect
835,incorrect
836,incorrect
837,incorrect
838,incorrect
839,incorrect
840,incorrect
841,incorrect
842,incorrect
843,incorrect
844,incorrect
845,incorrect
846,incorrect
847,incorrect
848,incorrect
849,incorrect
850,incorrect
851,incorrect
852,incorrect
853,incorrect
854,incorrect
855,incorrect
856,incorrect
857,incorrect
858,incorrect
859,incorrect
860,incorrect
861,incorrect
862,incorrect
863,incorrect
864,incorrect
865,incorrect
866,incorrect
867,incorrect
868,incorrect
869,incorrect
870,incorrect
871,incorrect
872,incorrect
873,incorrect
874,incorrect
875,incorrect
876,incorrect
877,incorrect
878,incorrect
879,incorrect
880,incorrect
881,incorrect
882,incorrect
883,incorrect
884,incorrect
885,incorrect
886,incorrect
887,incorrect
888,incorrect
889,incorrect
890,incorrect
891,incorrect
892,incorrect
893,incorrect
894,incorrect
895,incorrect
896,incorrect
897,incorrect
898,incorrect
899,incorrect
900,correct
901,incorrect
902,incorrect
903,incorrect
904,incorrect
905,incorrect
906,incorrect
907,incorrect
908,incorrect
909,incorrect
910,incorrect
911,incorrect
912,correct
913,incorrect
914,correct
915,incorrect
916,incorrect
917,incorrect
918,incorrect
919,incorrect
920,incorrect
921,incorrect
922,incorrect
923,incorrect
924,incorrect
925,incorrect
926,incorrect
927,incorrect
928,incorrect
929,incorrect
930,incorrect
931,incorrect
932,incorrect
933,incorrect
934,incorrect
935,incorrect
936,incorrect
937,incorrect
938,incorrect
939,incorrect
940,incorrect
941,incorrect
942,incorrect
943,incorrect
944,incorrect
945,incorrect
946,incorrect
947,incorrect
948,incorrect
949,incorrect
950,incorrect
951,incorrect
952,incorrect
953,incorrect
954,incorrect
955,incorrect
956,incorrect
957,incorrect
958,correct
959,incorrect
960,incorrect
961,incorrect
962,incorrect
963,incorrect
964,incorrect
965,incorrect
966,incorrect
967,correct
968,incorrect
969,incorrect
970,incorrect
971,incorrect
972,incorrect
973,incorrect
974,incorrect
975,incorrect
976,incorrect
977,incorrect
978,incorrect
979,incorrect
980,incorrect
981,correct
982,incorrect
983,incorrect
984,incorrect
985,incorrect
986,incorrect
987,correct
988,incorrect
989,incorrect
990,incorrect
991,incorrect
992,incorrect
993,incorrect
994,incorrect
995,incorrect
996,incorrect
997,incorrect
998,correct
999,incorrect
1000,incorrect
1001,incorrect
1002,correct
1003,incorrect
1004,incorrect
1005,incorrect
1006,incorrect
1007,incorrect
1008,correct
1009,incorrect
1010,incorrect
1011,incorrect
1012,incorrect
1013,correct
1014,incorrect
1015,incorrect
1016,correct
1017,incorrect
1018,incorrect
1019,incorrect
1020,incorrect
1021,incorrect
1022,incorrect
1023,incorrect
1024,incorrect
1025,incorrect
1026,incorrect
1027,incorrect
1028,incorrect
1029,correct
1030,incorrect
1031,incorrect
1032,incorrect
1033,incorrect
1034,incorrect
1035,incorrect
1036,incorrect
1037,incorrect
1038,incorrect
1039,incorrect
1040,incorrect
1041,incorrect
1042,incorrect
1043,incorrect
1044,incorrect
1045,incorrect
1046,incorrect
1047,incorrect
1048,incorrect
1049,incorrect
1050,incorrect
1051,incorrect
1052,incorrect
1053,incorrect
1054,incorrect
1055,incorrect
1056,incorrect
1057,incorrect
1058,incorrect
1059,incorrect
1060,incorrect
1061,incorrect
1062,incorrect
1063,incorrect
1064,incorrect
1065,incorrect
1066,incorrect
1067,incorrect
1068,incorrect
1069,incorrect
1070,incorrect
1071,incorrect
1072,correct
1073,incorrect
1074,incorrect
1075,incorrect
1076,incorrect
1077,correct
1078,correct
1079,incorrect
1080,incorrect
1081,correct
1082,correct
1083,incorrect
1084,incorrect
1085,incorrect
1086,incorrect
1087,incorrect
1088,incorrect
1089,incorrect
1090,correct
1091,correct
1092,incorrect
1093,incorrect
1094,incorrect
1095,incorrect
1096,incorrect
1097,incorrect
1098,incorrect
1099,incorrect
1100,correct
1101,incorrect
1102,incorrect
1103,incorrect
1104,incorrect
1105,incorrect
1106,incorrect
1107,incorrect
1108,incorrect
1109,incorrect
1110,incorrect
1111,incorrect
1112,incorrect
1113,incorrect
1114,incorrect
1115,incorrect
1116,incorrect
1117,incorrect
1118,incorrect
1119,incorrect
1120,incorrect
1121,incorrect
1122,incorrect
1123,incorrect
1124,incorrect
1125,incorrect
1126,incorrect
1127,incorrect
1128,incorrect
1129,incorrect
1130,incorrect
1131,incorrect
1132,incorrect
1133,incorrect
1134,incorrect
1135,incorrect
1136,incorrect
1137,incorrect
1138,incorrect
1139,incorrect
1140,incorrect
1141,incorrect
1142,incorrect
1143,incorrect
1144,incorrect
1145,incorrect
1146,incorrect
1147,incorrect
1148,incorrect
1149,incorrect
1150,incorrect
1151,incorrect
1152,incorrect
1153,incorrect
1154,incorrect
1155,incorrect
1156,incorrect
1157,incorrect
1158,incorrect
1159,incorrect
1160,incorrect
1161,incorrect
1162,incorrect
1163,incorrect
1164,incorrect
1165,incorrect
1166,incorrect
1167,incorrect
1168,incorrect
1169,incorrect
1170,incorrect
1171,incorrect
1172,correct
1173,incorrect
1174,incorrect
1175,incorrect
1176,incorrect
1177,incorrect
1178,incorrect
1179,incorrect
1180,incorrect
1181,incorrect
1182,incorrect
1183,incorrect
1184,incorrect
1185,incorrect
1186,incorrect
1187,incorrect
1188,incorrect
1189,incorrect
1190,incorrect
1191,incorrect
1192,incorrect
1193,incorrect
1194,incorrect
1195,incorrect
1196,incorrect
1197,incorrect
1198,incorrect
1199,incorrect
1200,incorrect
1201,incorrect
1202,incorrect
1203,incorrect
1204,incorrect
1205,incorrect
1206,incorrect
1207,incorrect
1208,incorrect
1209,incorrect
1210,incorrect
1211,incorrect
1212,incorrect
1213,incorrect
1214,incorrect
1215,incorrect
1216,incorrect
1217,incorrect
1218,correct
1219,incorrect
1220,incorrect
1221,incorrect
1222,incorrect
1223,incorrect
1224,incorrect
1225,incorrect
1226,incorrect
1227,incorrect
1228,incorrect
1229,incorrect
1230,incorrect
1231,incorrect
1232,incorrect
1233,incorrect
1234,incorrect
1235,incorrect
1236,incorrect
1237,incorrect
1238,incorrect
1239,incorrect
1240,incorrect
1241,incorrect
1242,incorrect
1243,incorrect
1244,incorrect
1245,incorrect
1246,incorrect
1247,incorrect
1248,incorrect
1249,incorrect
1250,incorrect
1251,incorrect
1252,incorrect
1253,incorrect
1254,incorrect
1255,incorrect
1256,incorrect
1257,incorrect
1258,incorrect
1259,incorrect
1260,incorrect
1261,incorrect
1262,incorrect
1263,incorrect
1264,incorrect
1265,incorrect
1266,incorrect
1267,incorrect
1268,incorrect
1269,incorrect
1270,incorrect
1271,incorrect
1272,incorrect
1273,incorrect
1274,incorrect
1275,incorrect
1276,incorrect
1277,incorrect
1278,incorrect
1279,incorrect
1280,incorrect
1281,incorrect
1282,incorrect
1283,incorrect
1284,incorrect
1285,incorrect
1286,incorrect
1287,incorrect
1288,incorrect
1289,incorrect
1290,incorrect
1291,correct
1292,incorrect
1293,incorrect
1294,incorrect
1295,incorrect
1296,incorrect
1297,incorrect
1298,incorrect
1299,incorrect
1300,incorrect
1301,incorrect
1302,incorrect
1303,incorrect
1304,incorrect
1305,incorrect
1306,incorrect
1307,incorrect
1308,incorrect
1309,incorrect
1310,incorrect
1311,incorrect
1312,correct
1313,incorrect
1314,incorrect
1315,incorrect
1316,incorrect
1317,incorrect
1318,incorrect
1319,incorrect
1320,incorrect
1321,incorrect
1322,incorrect
1323,incorrect
1324,incorrect
1325,incorrect
1326,incorrect
1327,correct
1328,incorrect
1329,correct
1330,incorrect
1331,incorrect
1332,incorrect
1333,incorrect
1334,incorrect
1335,incorrect
1336,incorrect
1337,incorrect
1338,incorrect
1339,incorrect
1340,incorrect
1341,incorrect
1342,incorrect
1343,incorrect
1344,incorrect
1345,incorrect
1346,incorrect
1347,incorrect
1348,incorrect
1349,incorrect
1350,incorrect
1351,incorrect
1352,incorrect
1353,incorrect
1354,incorrect
1355,incorrect
1356,incorrect
1357,incorrect
1358,incorrect
1359,incorrect
1360,incorrect
1361,incorrect
1362,incorrect
1363,incorrect
1364,incorrect
1365,incorrect
1366,incorrect
1367,incorrect
1368,incorrect
1369,incorrect
1370,incorrect
1371,incorrect
1372,incorrect
1373,incorrect
1374,incorrect
1375,incorrect
1376,incorrect
1377,incorrect
1378,incorrect
1379,incorrect
1380,incorrect
1381,incorrect
1382,correct
1383,incorrect
1384,incorrect
1385,incorrect
1386,incorrect
1387,incorrect
1388,incorrect
1389,incorrect
1390,incorrect
1391,incorrect
1392,incorrect
1393,incorrect
1394,incorrect
1395,incorrect
1396,incorrect
1397,incorrect
1398,incorrect
1399,incorrect
1400,incorrect
1401,incorrect
1402,incorrect
1403,incorrect
1404,incorrect
1405,incorrect
1406,incorrect
1407,incorrect
1408,incorrect
1409,incorrect
1410,incorrect
1411,incorrect
1412,incorrect
1413,incorrect
1414,incorrect
1415,incorrect
1416,incorrect
1417,incorrect
1418,incorrect
1419,incorrect
1420,incorrect
1421,incorrect
1422,incorrect
1423,incorrect
1424,incorrect
1425,incorrect
1426,incorrect
1427,incorrect
1428,incorrect
1429,incorrect
1430,incorrect
1431,incorrect
1432,incorrect
1433,incorrect
1434,incorrect
1435,incorrect
1436,incorrect
1437,incorrect
1438,incorrect
1439,incorrect
1440,incorrect
1441,incorrect
1442,incorrect
1443,incorrect
1444,incorrect
1445,incorrect
1446,incorrect
1447,incorrect
1448,incorrect
1449,incorrect
1450,incorrect
1451,incorrect
1452,incorrect
1453,incorrect
1454,incorrect
1455,incorrect
1456,incorrect
1457,incorrect
1458,incorrect
1459,incorrect
1460,incorrect
1461,incorrect
1462,incorrect
1463,incorrect
1464,incorrect
1465,incorrect
1466,incorrect
1467,incorrect
1468,incorrect
1469,incorrect
1470,incorrect
1471,incorrect
1472,incorrect
1473,incorrect
1474,incorrect
1475,incorrect
1476,incorrect
1477,incorrect
1478,incorrect
1479,incorrect
1480,incorrect
1481,incorrect
1482,incorrect
1483,incorrect
1484,incorrect
1485,incorrect
1486,incorrect
1487,incorrect
1488,incorrect
1489,incorrect
1490,incorrect
1491,incorrect
1492,incorrect
1493,incorrect
1494,incorrect
1495,incorrect
1496,incorrect
1497,incorrect
1498,incorrect
1499,incorrect
1500,incorrect
1501,incorrect
1502,incorrect
1503,incorrect
1504,incorrect
1505,incorrect
1506,incorrect
1507,incorrect
1508,incorrect
1509,incorrect
1510,incorrect
1511,incorrect
1512,incorrect
1513,incorrect
1514,incorrect
1515,incorrect
1516,incorrect
1517,incorrect
1518,incorrect
1519,incorrect
1520,incorrect
1521,incorrect
1522,incorrect
1523,incorrect
1524,incorrect
1525,incorrect
1526,incorrect
1527,incorrect
1528,incorrect
1529,incorrect
1530,incorrect
1531,incorrect
1532,incorrect
1533,incorrect
1534,incorrect
1535,incorrect
1536,incorrect
1537,correct
1538,correct
1539,incorrect
1540,incorrect
1541,incorrect
1542,incorrect
1543,incorrect
1544,incorrect
1545,correct
1546,incorrect
1547,incorrect
1548,incorrect
1549,correct
1550,incorrect
1551,incorrect
1552,incorrect
1553,incorrect
1554,incorrect
1555,incorrect
1556,incorrect
1557,incorrect
1558,incorrect
1559,incorrect
1560,incorrect
1561,correct
1562,incorrect
1563,incorrect
1564,incorrect
1565,incorrect
1566,incorrect
1567,correct
1568,incorrect
1569,correct
1570,incorrect
1571,correct
1572,incorrect
1573,incorrect
1574,correct
1575,incorrect
1576,incorrect
1577,incorrect
1578,correct
1579,correct
1580,incorrect
1581,incorrect
1582,correct
1583,correct
1584,incorrect
1585,incorrect
1586,incorrect
1587,incorrect
1588,incorrect
1589,incorrect
1590,incorrect
1591,incorrect
1592,incorrect
1593,incorrect
1594,incorrect
1595,incorrect
1596,incorrect
1597,incorrect
1598,incorrect
1599,incorrect
1600,incorrect
1601,correct
1602,incorrect
1603,incorrect
1604,incorrect
1605,incorrect
1606,incorrect
1607,incorrect
1608,incorrect
1609,incorrect
1610,correct
1611,correct
1612,incorrect
1613,incorrect
1614,correct
1615,correct
1616,incorrect
1617,incorrect
1618,incorrect
1619,incorrect
1620,incorrect
1621,incorrect
1622,incorrect
1623,incorrect
1624,incorrect
1625,incorrect
1626,incorrect
1627,incorrect
1628,incorrect
1629,correct
1630,incorrect
1631,correct
1632,incorrect
1633,incorrect
1634,incorrect
1635,incorrect
1636,incorrect
1637,incorrect
1638,incorrect
1639,incorrect
1640,incorrect
1641,incorrect
1642,incorrect
1643,incorrect
1644,incorrect
1645,incorrect
1646,incorrect
1647,incorrect
1648,incorrect
1649,incorrect
1650,incorrect
1651,incorrect
1652,incorrect
1653,incorrect
1654,incorrect
1655,incorrect
1656,incorrect
1657,incorrect
1658,incorrect
1659,incorrect
1660,incorrect
1661,incorrect
1662,incorrect
1663,incorrect
1664,incorrect
1665,incorrect
1666,incorrect
1667,incorrect
1668,incorrect
1669,incorrect
1670,incorrect
1671,incorrect
1672,incorrect
1673,incorrect
1674,incorrect
1675,incorrect
1676,incorrect
1677,incorrect
1678,incorrect
1679,incorrect
1680,incorrect
1681,incorrect
1682,incorrect
1683,incorrect
1684,incorrect
1685,incorrect
1686,incorrect
1687,incorrect
1688,incorrect
1689,incorrect
1690,incorrect
1691,incorrect
1692,incorrect
1693,incorrect
1694,incorrect
1695,incorrect
1696,incorrect
1697,incorrect
1698,incorrect
1699,incorrect
1700,incorrect
1701,incorrect
1702,incorrect
1703,incorrect
1704,incorrect
1705,incorrect
1706,incorrect
1707,incorrect
1708,incorrect
1709,correct
1710,incorrect
1711,incorrect
1712,incorrect
1713,incorrect
1714,incorrect
1715,incorrect
1716,incorrect
1717,incorrect
1718,incorrect
1719,incorrect
1720,incorrect
1721,incorrect
1722,incorrect
1723,incorrect
1724,incorrect
1725,incorrect
1726,incorrect
1727,incorrect
1728,incorrect
1729,incorrect
1730,incorrect
1731,incorrect
1732,incorrect
1733,incorrect
1734,incorrect
1735,incorrect
1736,incorrect
1737,incorrect
1738,incorrect
1739,correct
1740,incorrect
1741,incorrect
1742,incorrect
1743,incorrect
1744,incorrect
1745,incorrect
1746,incorrect
1747,incorrect
1748,incorrect
1749,incorrect
1750,correct
1751,incorrect
1752,incorrect
1753,incorrect
1754,incorrect
1755,incorrect
1756,incorrect
1757,incorrect
1758,incorrect
1759,incorrect
1760,incorrect
1761,incorrect
1762,incorrect
1763,incorrect
1764,incorrect
1765,incorrect
1766,incorrect
1767,incorrect
1768,incorrect
1769,correct
1770,incorrect
1771,incorrect
1772,incorrect
1773,incorrect
1774,incorrect
1775,incorrect
1776,incorrect
1777,incorrect
1778,incorrect
1779,incorrect
1780,incorrect
1781,incorrect
1782,incorrect
1783,incorrect
1784,incorrect
1785,incorrect
1786,incorrect
1787,incorrect
1788,incorrect
1789,incorrect
1790,incorrect
1791,incorrect
1792,correct
1793,incorrect
1794,incorrect
1795,correct
1796,incorrect
1797,incorrect
1798,incorrect
1799,incorrect
1800,incorrect
1801,incorrect
1802,incorrect
1803,incorrect
1804,incorrect
1805,incorrect
1806,incorrect
1807,incorrect
1808,incorrect
1809,incorrect
1810,incorrect
1811,incorrect
1812,incorrect
1813,incorrect
1814,incorrect
1815,incorrect
1816,incorrect
1817,incorrect
1818,incorrect
1819,incorrect
1820,incorrect
1821,incorrect
1822,incorrect
1823,correct
1824,incorrect
1825,incorrect
1826,incorrect
1827,incorrect
1828,incorrect
1829,incorrect
1830,incorrect
1831,incorrect
1832,incorrect
1833,incorrect
1834,incorrect
1835,incorrect
1836,correct
1837,incorrect
1838,incorrect
1839,incorrect
1840,incorrect
1841,incorrect
1842,incorrect
1843,correct
1844,incorrect
1845,correct
1846,correct
1847,correct
1848,incorrect
1849,incorrect
1850,incorrect
1851,incorrect
1852,incorrect
1853,incorrect
1854,incorrect
1855,incorrect
1856,incorrect
1857,incorrect
1858,incorrect
1859,incorrect
1860,incorrect
1861,incorrect
1862,correct
1863,incorrect
1864,incorrect
1865,incorrect
1866,incorrect
1867,incorrect
1868,incorrect
1869,incorrect
1870,incorrect
1871,incorrect
1872,incorrect
1873,correct
1874,incorrect
1875,incorrect
1876,incorrect
1877,incorrect
1878,incorrect
1879,incorrect
1880,incorrect
1881,incorrect
1882,incorrect
1883,incorrect
1884,incorrect
1885,incorrect
1886,incorrect
1887,incorrect
1888,incorrect
1889,incorrect
1890,incorrect
1891,incorrect
1892,incorrect
1893,incorrect
1894,incorrect
1895,incorrect
1896,incorrect
1897,incorrect
1898,incorrect
1899,incorrect
1900,incorrect
1901,incorrect
1902,incorrect
1903,incorrect
1904,incorrect
1905,incorrect
1906,incorrect
1907,incorrect
1908,incorrect
1909,incorrect
1910,incorrect
1911,incorrect
1912,incorrect
1913,incorrect
1914,incorrect
1915,incorrect
1916,incorrect
1917,incorrect
1918,incorrect
1919,incorrect
1920,incorrect
1921,incorrect
1922,incorrect
1923,incorrect
1924,incorrect
1925,incorrect
1926,incorrect
1927,incorrect
1928,incorrect
1929,incorrect
1930,incorrect
1931,incorrect
1932,correct
1933,incorrect
1934,incorrect
1935,incorrect
1936,incorrect
1937,incorrect
1938,incorrect
1939,incorrect
1940,incorrect
1941,incorrect
1942,incorrect
1943,incorrect
1944,incorrect
1945,incorrect
1946,incorrect
1947,incorrect
1948,incorrect
1949,incorrect
1950,incorrect
1951,correct
1952,incorrect
1953,incorrect
1954,incorrect
1955,incorrect
1956,incorrect
1957,incorrect
1958,incorrect
1959,incorrect
1960,incorrect
1961,incorrect
1962,correct
1963,incorrect
1964,incorrect
1965,incorrect
1966,incorrect
1967,incorrect
1968,incorrect
1969,incorrect
1970,incorrect
1971,incorrect
1972,incorrect
1973,incorrect
1975,incorrect
1976,incorrect
1977,incorrect
1978,incorrect
1979,incorrect
1980,incorrect
1981,incorrect
1982,incorrect
1983,incorrect
1984,incorrect
1985,incorrect
1986,incorrect
1987,incorrect
1988,incorrect
1989,incorrect
1990,incorrect
1991,incorrect
1992,incorrect
1993,incorrect
1994,incorrect
1995,incorrect
1996,incorrect
1997,incorrect
1998,incorrect
1999,incorrect
2000,incorrect
2001,incorrect
2002,incorrect
2003,correct
2004,incorrect
2005,incorrect
2006,incorrect
2007,incorrect
2008,incorrect
2009,incorrect
2010,incorrect
2011,incorrect
2012,incorrect
2013,incorrect
2014,incorrect
2015,incorrect
2016,incorrect
2017,correct
2018,incorrect
2019,incorrect
2020,incorrect
2021,incorrect
2022,incorrect
2023,correct
2024,incorrect
2025,incorrect
2026,incorrect
2027,incorrect
2028,correct
2029,incorrect
2030,incorrect
2031,incorrect
2032,incorrect
2033,incorrect
2034,incorrect
2035,incorrect
2036,incorrect
2037,correct
2038,correct
2039,correct
2040,incorrect
2041,correct
2042,incorrect
2043,correct
2044,incorrect
2045,incorrect
2046,incorrect
2047,incorrect
2048,incorrect
2049,incorrect
2050,incorrect
2051,incorrect
2052,incorrect
2053,incorrect
2054,incorrect
2055,incorrect
2056,correct
2057,incorrect
2058,incorrect
2059,incorrect
2060,incorrect
2061,incorrect
2062,incorrect
2063,incorrect
2064,incorrect
2065,incorrect
2066,incorrect
2067,incorrect
2068,incorrect
2069,incorrect
2070,incorrect
2071,incorrect
2072,incorrect
2073,incorrect
2074,incorrect
2075,incorrect
2076,incorrect
2077,incorrect
2078,incorrect
2079,incorrect
2080,incorrect
2081,incorrect
2082,incorrect
2083,incorrect
2084,incorrect
2085,incorrect
2086,incorrect
2087,incorrect
2088,incorrect
2089,incorrect
2090,incorrect
2091,incorrect
2092,incorrect
2093,incorrect
2094,incorrect
2095,incorrect
2096,incorrect
2097,incorrect
2098,incorrect
2099,incorrect
2100,incorrect
2101,incorrect
2102,incorrect
2103,incorrect
2104,incorrect
2105,incorrect
2106,incorrect
2107,incorrect
2108,incorrect
2109,incorrect
2110,incorrect
2111,incorrect
2112,incorrect
2113,incorrect
2114,incorrect
2115,incorrect
2116,incorrect
2117,incorrect
2118,incorrect
2119,incorrect
2120,incorrect
2121,incorrect
2122,incorrect
2123,incorrect
2124,incorrect
2125,incorrect
2126,incorrect
2127,incorrect
2128,incorrect
2129,incorrect
2130,incorrect
2131,incorrect
2132,incorrect
2133,incorrect
2134,incorrect
2135,incorrect
2136,incorrect
2137,incorrect
2138,incorrect
2139,incorrect
2140,incorrect
2141,incorrect
2142,incorrect
2143,incorrect
2144,incorrect
2145,incorrect
2146,incorrect
2147,incorrect
2148,incorrect
2149,incorrect
2150,incorrect
2151,incorrect
2152,incorrect
2153,incorrect
2154,incorrect
2155,incorrect
2156,incorrect
2157,incorrect
2158,incorrect
2159,incorrect
2160,incorrect
2161,incorrect
2162,incorrect
2163,incorrect
2164,incorrect
2165,incorrect
2166,incorrect
2167,correct
2168,incorrect
2169,incorrect
2170,incorrect
2171,incorrect
2172,incorrect
2173,incorrect
2174,correct
2175,incorrect
2176,incorrect
2177,incorrect
2178,incorrect
2179,incorrect
2180,incorrect
2181,incorrect
2182,incorrect
2183,incorrect
2184,incorrect
2185,correct
2186,incorrect
2187,incorrect
2188,incorrect
2189,incorrect
2190,incorrect
2191,incorrect
2192,incorrect
2193,incorrect
2194,incorrect
2195,incorrect
2196,incorrect
2197,incorrect
2198,incorrect
2199,incorrect
2200,incorrect
2201,incorrect
2202,incorrect
2203,incorrect
2204,incorrect
2205,incorrect
2206,incorrect
2207,incorrect
2208,incorrect
2209,incorrect
2210,incorrect
2211,incorrect
2212,incorrect
2213,incorrect
2214,incorrect
2215,incorrect
2216,incorrect
2217,incorrect
2218,incorrect
2219,incorrect
2220,incorrect
2221,incorrect
2222,incorrect
2223,incorrect
2224,incorrect
2225,incorrect
2226,incorrect
2227,incorrect
2228,correct
2229,incorrect
2230,incorrect
2231,incorrect
2232,incorrect
2233,incorrect
2234,incorrect
2235,incorrect
2236,incorrect
2237,incorrect
2238,incorrect
2239,incorrect
2240,incorrect
2241,incorrect
2242,incorrect
2243,incorrect
2244,incorrect
2245,incorrect
2246,incorrect
2247,incorrect
2248,incorrect
2249,incorrect
2250,incorrect
2251,incorrect
2252,incorrect
2253,incorrect
2254,incorrect
2255,incorrect
2256,incorrect
2257,incorrect
2258,incorrect
2259,incorrect
2260,incorrect
2261,incorrect
2262,incorrect
2263,incorrect
2264,incorrect
2265,incorrect
2266,incorrect
2267,incorrect
2268,incorrect
2269,incorrect
2270,incorrect
2271,incorrect
2272,incorrect
2273,incorrect
2274,incorrect
2275,incorrect
2276,incorrect
2277,incorrect
2278,incorrect
2279,incorrect
2280,incorrect
2281,incorrect
2282,incorrect
2283,incorrect
2284,incorrect
2285,incorrect
2286,incorrect
2287,incorrect
2288,incorrect
2289,incorrect
2290,correct
2291,incorrect
2292,incorrect
2293,incorrect
2294,incorrect
2295,incorrect
2296,incorrect
2297,incorrect
2298,incorrect
2299,incorrect
2300,incorrect
2301,incorrect
2302,incorrect
2303,correct
2304,incorrect
2305,incorrect
2306,incorrect
2307,incorrect
2308,correct
2309,incorrect
2310,incorrect
2311,incorrect
2312,incorrect
2313,incorrect
2314,incorrect
2315,incorrect
2316,incorrect
2317,incorrect
2318,incorrect
2319,incorrect
2320,incorrect
2321,incorrect
2322,incorrect
2323,incorrect
2324,incorrect
2325,incorrect
2326,incorrect
2327,incorrect
2328,incorrect
2329,incorrect
2330,incorrect
2331,incorrect
2332,incorrect
2334,incorrect
2335,incorrect
2336,correct
2337,correct
2338,correct
2339,incorrect
2340,incorrect
2341,incorrect
2342,incorrect
2343,incorrect
2344,correct
2345,incorrect
2346,incorrect
2347,incorrect
2348,incorrect
2349,incorrect
2350,incorrect
2351,incorrect
2352,correct
2353,incorrect
2354,incorrect
2355,incorrect
2356,incorrect
2357,incorrect
2358,incorrect
2359,incorrect
2360,incorrect
2361,incorrect
2362,incorrect
2363,incorrect
2364,incorrect
2365,incorrect
2366,correct
2367,incorrect
2368,incorrect
2369,incorrect
2370,incorrect
2371,incorrect
2372,incorrect
2373,incorrect
2374,incorrect
2375,incorrect
2376,incorrect
2377,incorrect
2378,incorrect
2379,incorrect
2380,incorrect
2381,incorrect
2382,incorrect
2383,incorrect
2384,correct
2385,incorrect
2386,incorrect
2387,incorrect
2388,incorrect
2389,incorrect
2390,incorrect
2391,incorrect
2392,incorrect
2393,incorrect
2394,incorrect
2395,incorrect
2396,incorrect
2397,incorrect
2398,incorrect
2399,incorrect
2400,incorrect
2401,incorrect
2402,incorrect
2403,incorrect
2404,incorrect
2405,incorrect
2406,incorrect
2407,incorrect
2408,incorrect
2409,incorrect
2410,incorrect
2411,incorrect
2412,incorrect
2413,incorrect
2414,incorrect
2415,incorrect
2416,incorrect
2417,incorrect
2418,incorrect
2419,incorrect
2420,incorrect
2421,incorrect
2422,incorrect
2423,incorrect
2424,incorrect
2425,incorrect
2426,incorrect
2427,incorrect
2428,incorrect
2429,incorrect
2430,incorrect
2431,correct
2432,incorrect
2433,incorrect
2434,incorrect
2435,incorrect
2436,incorrect
2437,incorrect
2438,incorrect
2439,incorrect
2440,incorrect
2441,incorrect
2442,incorrect
2443,incorrect
2444,incorrect
2445,incorrect
2446,incorrect
2447,incorrect
2448,incorrect
2449,incorrect
2450,incorrect
2451,incorrect
2452,incorrect
2453,incorrect
2454,incorrect
2455,incorrect
2456,incorrect
2457,incorrect
2458,incorrect
2459,incorrect
2460,incorrect
2461,incorrect
2462,incorrect
2463,incorrect
2464,incorrect
2465,incorrect
2466,correct
2467,incorrect
2468,incorrect
2469,incorrect
2470,incorrect
2471,incorrect
2472,incorrect
2473,incorrect
2474,incorrect
2475,incorrect
2476,incorrect
2477,incorrect
2478,incorrect
2479,incorrect
2480,incorrect
2481,incorrect
2482,incorrect
2483,incorrect
2484,incorrect
2485,incorrect
2486,incorrect
2487,incorrect
2488,incorrect
2489,incorrect
2490,incorrect
2491,incorrect
2492,incorrect
2493,incorrect
2494,incorrect
2495,incorrect
2496,incorrect
2497,incorrect
2498,incorrect
2499,incorrect
2500,incorrect
2501,incorrect
2502,incorrect
2503,incorrect
2504,incorrect
2505,incorrect
2506,incorrect
2507,incorrect
2508,incorrect
2509,incorrect
2510,incorrect
2511,incorrect
2512,incorrect
2513,incorrect
2514,incorrect
2515,incorrect
2516,incorrect
2517,incorrect
2518,incorrect
2519,incorrect
2520,incorrect
2521,incorrect
2522,incorrect
2523,incorrect
2524,incorrect
2525,incorrect
2526,incorrect
2527,incorrect
2528,incorrect
2529,incorrect
2530,correct
2531,incorrect
2532,incorrect
2533,incorrect
2534,incorrect
2535,incorrect
2536,incorrect
2537,incorrect
2538,incorrect
2539,incorrect
2540,incorrect
2541,incorrect
2542,incorrect
2543,incorrect
2544,incorrect
2545,incorrect
2546,incorrect
2547,incorrect
2548,incorrect
2549,incorrect
2550,incorrect
2551,incorrect
2552,correct
2553,incorrect
2554,incorrect
2555,incorrect
2556,incorrect
2557,incorrect
2558,incorrect
2559,incorrect
2560,incorrect
2561,incorrect
2562,incorrect
2563,incorrect
2564,incorrect
2565,incorrect
2566,incorrect
2567,incorrect
2568,incorrect
2569,incorrect
2570,incorrect
2571,correct
2572,incorrect
2573,incorrect
2574,incorrect
2575,incorrect
2576,incorrect
2577,incorrect
2578,incorrect
2579,incorrect
2580,incorrect
2581,incorrect
2582,incorrect
2583,incorrect
2584,incorrect
2585,incorrect
2586,incorrect
2587,incorrect
2588,incorrect
2589,incorrect
2590,incorrect
2591,incorrect
2592,incorrect
2593,incorrect
2594,incorrect
2595,incorrect
2596,incorrect
2597,incorrect
2598,incorrect
2599,incorrect
2600,incorrect
2601,incorrect
2602,incorrect
2603,incorrect
2604,incorrect
2605,incorrect
2606,incorrect
2607,incorrect
2608,incorrect
2609,incorrect
2610,incorrect
2611,incorrect
2612,incorrect
2613,incorrect
2614,incorrect
2615,incorrect
2616,incorrect
2617,incorrect
2618,incorrect
2619,incorrect
2620,incorrect
2621,incorrect
2622,incorrect
2623,incorrect
2624,incorrect
2625,incorrect
2626,incorrect
2627,incorrect
2628,incorrect
2629,incorrect
2630,incorrect
2631,incorrect
2632,incorrect
2633,incorrect
2634,incorrect
2635,incorrect
2636,incorrect
2637,incorrect
2638,incorrect
2639,incorrect
2640,incorrect
2641,incorrect
2642,incorrect
2643,incorrect
2644,incorrect
2645,incorrect
2646,incorrect
2647,incorrect
2648,incorrect
2649,incorrect
2650,incorrect
2651,incorrect
2652,incorrect
2653,incorrect
2654,incorrect
2655,incorrect
2656,incorrect
2657,incorrect
2658,incorrect
2659,incorrect
2660,incorrect
2661,incorrect
2662,incorrect
2663,incorrect
2664,incorrect
2665,incorrect
2666,incorrect
2667,incorrect
2668,incorrect
2669,incorrect
2670,incorrect
2671,incorrect
2672,incorrect
2673,incorrect
2674,incorrect
2675,incorrect
2676,incorrect
2677,incorrect
2678,incorrect
2679,incorrect
2680,incorrect
2681,incorrect
2682,incorrect
2683,incorrect
2684,incorrect
2685,incorrect
2686,incorrect
2687,incorrect
2688,incorrect
2689,incorrect
2690,incorrect
2691,incorrect
2692,incorrect
2693,incorrect
2694,incorrect
2695,incorrect
2696,incorrect
2697,incorrect
2698,incorrect
2699,incorrect
2700,incorrect
2701,incorrect
2702,incorrect
2703,incorrect
2704,incorrect
2705,incorrect
2706,incorrect
2707,incorrect
2708,incorrect
2709,incorrect
2710,incorrect
2711,incorrect
2712,incorrect
2713,incorrect
2714,incorrect
2715,incorrect
2716,incorrect
2717,incorrect
2718,incorrect
2719,incorrect
2720,incorrect
2721,incorrect
2722,incorrect
2723,incorrect
2724,incorrect
2725,incorrect
2726,incorrect
2727,incorrect
2728,incorrect
2729,incorrect
2730,incorrect
2731,incorrect
2732,incorrect
2733,incorrect
2734,incorrect
2735,incorrect
2736,incorrect
2737,incorrect
2738,incorrect
2739,incorrect
2740,incorrect
2741,incorrect
2742,incorrect
2743,incorrect
2744,incorrect
2745,incorrect
2746,incorrect
2747,incorrect
2748,incorrect
2749,incorrect
2750,incorrect
2751,incorrect
2752,incorrect
2753,incorrect
2754,incorrect
2755,incorrect
2756,incorrect
2757,incorrect
2758,incorrect
2759,incorrect
2760,incorrect
2761,incorrect
2762,correct
2763,incorrect
2764,incorrect
2765,incorrect
2766,correct
2767,incorrect
2768,incorrect
2769,incorrect
2770,incorrect
2771,incorrect
2772,incorrect
2773,correct
2774,correct
2775,incorrect
2776,correct
2777,correct
2778,incorrect
2779,incorrect
2780,incorrect
2781,incorrect
2782,incorrect
2783,incorrect
2784,correct
2785,incorrect
2786,correct
2787,incorrect
2788,incorrect
2789,correct
2790,correct
2791,incorrect
2792,incorrect
2793,incorrect
2794,correct
2795,incorrect
2796,incorrect
2797,incorrect
2798,incorrect
2799,incorrect
2800,incorrect
2801,incorrect
2802,incorrect
2803,incorrect
2804,incorrect
2805,incorrect
2806,incorrect
2807,incorrect
2808,incorrect
2809,incorrect
2810,incorrect
2811,incorrect
2812,incorrect
2813,incorrect
2814,incorrect
2815,incorrect
2816,incorrect
2817,incorrect
2818,incorrect
2819,incorrect
2820,incorrect
2821,incorrect
2822,incorrect
2823,incorrect
2824,correct
2825,incorrect
2826,incorrect
2827,incorrect
2828,incorrect
2829,correct
2830,incorrect
2831,incorrect
2832,incorrect
2833,incorrect
2834,incorrect
2835,incorrect
2836,incorrect
2837,incorrect
2838,incorrect
2839,incorrect
2840,incorrect
2841,incorrect
2842,incorrect
2843,incorrect
2844,incorrect
2845,incorrect
2846,incorrect
2847,incorrect
2848,incorrect
2849,incorrect
2850,incorrect
2851,incorrect
2852,incorrect
2853,incorrect
2854,incorrect
2855,incorrect
2856,incorrect
2857,incorrect
2858,incorrect
2859,incorrect
2860,incorrect
2861,incorrect
2862,correct
2863,incorrect
2864,incorrect
2865,incorrect
2866,incorrect
2867,correct
2868,incorrect
2869,incorrect
2870,incorrect
2871,incorrect
2872,incorrect
2873,incorrect
2874,incorrect
2875,incorrect
2876,incorrect
2877,incorrect
2878,incorrect
2879,incorrect
2880,incorrect
2881,incorrect
2882,incorrect
2883,incorrect
2884,incorrect
2885,incorrect
2886,incorrect
2887,correct
2888,incorrect
2889,correct
2890,correct
2891,incorrect
2892,incorrect
2893,incorrect
2894,incorrect
2895,incorrect
2896,incorrect
2897,incorrect
2898,incorrect
2899,incorrect
2900,incorrect
2901,incorrect
2902,incorrect
2903,incorrect
2904,incorrect
2905,incorrect
2906,incorrect
2907,incorrect
2908,incorrect
2909,incorrect
2910,incorrect
2911,incorrect
2912,incorrect
2913,incorrect
2914,incorrect
2915,incorrect
2916,incorrect
2917,incorrect
2918,incorrect
2919,incorrect
2920,incorrect
2921,incorrect
2922,incorrect
2923,incorrect
2924,incorrect
2925,incorrect
2926,incorrect
2927,incorrect
2928,incorrect
2929,incorrect
2930,incorrect
2931,incorrect
2932,incorrect
2933,incorrect
2934,incorrect
2935,incorrect
2936,incorrect
2937,incorrect
2938,incorrect
2939,incorrect
2940,incorrect
2941,incorrect
2942,incorrect
2943,incorrect
2944,incorrect
2945,incorrect
2946,incorrect
2947,incorrect
2948,incorrect
2949,incorrect
2950,incorrect
2951,incorrect
2952,incorrect
2953,incorrect
2954,incorrect
2955,incorrect
2956,incorrect
2957,incorrect
2958,incorrect
2959,incorrect
2960,incorrect
2961,incorrect
2962,incorrect
2963,incorrect
2964,incorrect
2965,incorrect
2966,incorrect
2967,incorrect
2968,incorrect
2969,incorrect
2970,incorrect
2971,incorrect
2972,incorrect
2973,incorrect
2974,incorrect
2975,incorrect
2976,incorrect
2977,incorrect
2978,incorrect
2979,incorrect
2980,incorrect
2981,incorrect
2982,incorrect
2983,incorrect
2984,incorrect
2985,incorrect
2986,incorrect
2987,incorrect
2988,incorrect
2989,incorrect
2990,incorrect
2991,incorrect
2992,incorrect
2993,incorrect
2994,incorrect
2995,incorrect
2996,incorrect
2997,incorrect
2998,incorrect
2999,incorrect
3000,incorrect
3001,incorrect
3002,incorrect
3003,incorrect
3004,incorrect
3005,incorrect
3006,incorrect
3007,incorrect
3008,incorrect
3009,incorrect
3010,incorrect
3011,incorrect
3012,incorrect
3013,incorrect
3014,incorrect
3015,incorrect
3016,incorrect
3017,incorrect
3018,incorrect
3019,incorrect
3020,incorrect
3021,incorrect
3022,incorrect
3023,incorrect
3024,incorrect
3025,incorrect
3026,incorrect
3027,incorrect
3028,incorrect
3029,incorrect
3030,incorrect
3031,incorrect
3032,incorrect
3033,incorrect
3034,incorrect
3035,incorrect
3036,incorrect
3037,incorrect
3038,incorrect
3039,incorrect
3040,incorrect
3041,incorrect
3042,incorrect
3043,incorrect
3044,correct
3045,incorrect
3046,incorrect
3047,incorrect
3048,incorrect
3049,incorrect
3050,incorrect
3051,incorrect
3052,incorrect
3053,incorrect
3054,incorrect
3055,incorrect
3056,incorrect
3057,incorrect
3058,incorrect
3059,incorrect
3060,incorrect
3061,incorrect
3062,incorrect
3063,incorrect
3064,incorrect
3065,incorrect
3066,incorrect
3067,correct
3068,incorrect
3069,incorrect
3070,incorrect
3071,incorrect
3072,incorrect
3073,incorrect
3074,incorrect
3075,incorrect
3076,incorrect
3077,incorrect
3078,incorrect
3079,incorrect
3080,incorrect
3081,incorrect
3082,incorrect
3083,incorrect
3084,incorrect
3085,incorrect
3086,incorrect
3087,incorrect
3088,incorrect
3089,incorrect
3090,incorrect
3091,incorrect
3092,incorrect
3093,incorrect
3094,incorrect
3095,incorrect
3096,incorrect
3097,incorrect
3098,incorrect
3099,incorrect
3100,incorrect
3101,incorrect
3102,incorrect
3103,correct
3104,incorrect
3105,incorrect
3106,incorrect
3107,incorrect
3108,incorrect
3109,incorrect
3110,incorrect
3111,incorrect
3112,incorrect
3113,incorrect
3114,incorrect
3115,incorrect
3116,incorrect
3117,incorrect
3118,incorrect
3119,incorrect
3120,incorrect
3121,incorrect
3122,incorrect
3123,incorrect
3124,incorrect
3125,incorrect
3126,incorrect
3127,incorrect
3128,incorrect
3129,incorrect
3130,incorrect
3131,incorrect
3132,incorrect
3133,incorrect
3134,incorrect
3135,incorrect
3136,incorrect
3137,incorrect
3138,incorrect
3139,incorrect
3140,incorrect
3141,incorrect
3142,incorrect
3143,incorrect
3144,incorrect
3145,incorrect
3146,incorrect
3147,incorrect
3148,incorrect
3149,incorrect
3150,incorrect
3151,incorrect
3152,incorrect
3153,incorrect
3154,incorrect
3155,incorrect
3156,incorrect
3157,incorrect
3158,incorrect
3159,incorrect
3160,incorrect
3161,incorrect
3162,incorrect
3163,incorrect
3164,incorrect
3165,incorrect
3166,incorrect
3167,incorrect
3168,incorrect
3169,incorrect
3170,incorrect
3171,incorrect
3172,incorrect
3173,incorrect
3174,correct
3175,incorrect
3176,incorrect
3177,incorrect
3178,incorrect
3179,incorrect
3180,incorrect
3181,incorrect
3182,incorrect
3183,incorrect
3184,incorrect
3185,incorrect
3186,incorrect
3187,incorrect
3188,incorrect
3189,incorrect
3190,incorrect
3191,incorrect
3192,incorrect
3193,correct
3194,incorrect
3195,incorrect
3196,incorrect
3197,incorrect
3198,incorrect
3199,incorrect
3200,incorrect
3201,correct
3202,incorrect
3203,incorrect
3204,incorrect
3205,incorrect
3206,incorrect
3207,incorrect
3208,incorrect
3209,incorrect
3210,incorrect
3211,incorrect
3212,incorrect
3213,incorrect
3214,incorrect
3215,incorrect
3216,incorrect
3217,incorrect
3218,incorrect
3219,incorrect
3220,incorrect
3221,incorrect
3222,incorrect
3223,incorrect
3224,incorrect
3225,incorrect
3226,incorrect
3227,incorrect
3228,incorrect
3229,incorrect
3230,incorrect
3231,incorrect
3232,incorrect
3233,incorrect
3234,incorrect
3235,incorrect
3236,incorrect
3237,incorrect
3238,incorrect
3239,incorrect
3240,incorrect
3241,incorrect
3242,incorrect
3243,incorrect
3244,incorrect
3245,incorrect
3246,incorrect
3247,incorrect
3248,incorrect
3249,incorrect
3250,incorrect
3251,incorrect
3252,incorrect
3253,incorrect
3254,incorrect
3255,incorrect
3256,incorrect
3257,incorrect
3258,incorrect
3259,incorrect
3260,incorrect
3261,incorrect
3262,incorrect
3263,incorrect
3264,incorrect
3265,incorrect
3266,incorrect
3267,incorrect
3268,incorrect
3269,incorrect
3270,incorrect
3271,incorrect
3272,incorrect
3273,incorrect
3274,incorrect
3275,incorrect
3276,incorrect
3277,incorrect
3278,incorrect
3279,incorrect
3280,incorrect
3281,incorrect
3282,incorrect
3283,incorrect
3284,incorrect
3285,incorrect
3286,incorrect
3287,incorrect
3288,incorrect
3289,incorrect
3290,incorrect
3291,incorrect
3292,incorrect
3293,incorrect
3294,incorrect
3295,incorrect
3296,incorrect
3297,incorrect
3298,incorrect
3299,incorrect
3300,incorrect
3301,incorrect
3302,incorrect
3303,incorrect
3304,incorrect
3305,incorrect
3306,incorrect
3307,incorrect
3308,incorrect
3309,incorrect
3310,incorrect
3311,incorrect
3312,incorrect
3313,incorrect
3314,incorrect
3315,incorrect
3316,incorrect
3317,incorrect
3318,incorrect
3319,incorrect
3320,incorrect
3321,incorrect
3322,incorrect
3323,incorrect
3324,incorrect
3325,incorrect
3326,incorrect
3327,incorrect
3328,incorrect
3329,incorrect
3330,incorrect
3331,incorrect
3332,incorrect
3333,incorrect
3334,incorrect
3335,incorrect
3336,incorrect
3337,incorrect
3338,incorrect
3339,incorrect
3340,incorrect
3341,incorrect
3342,incorrect
3343,incorrect
3344,incorrect
3345,incorrect
3346,incorrect
3347,incorrect
3348,incorrect
3349,incorrect
3350,incorrect
3351,incorrect
3352,incorrect
3353,incorrect
3354,incorrect
3355,incorrect
3356,incorrect
3357,incorrect
3358,incorrect
3359,incorrect
3360,incorrect
3361,incorrect
3362,incorrect
3363,incorrect
3364,incorrect
3365,incorrect
3366,incorrect
3367,incorrect
3368,incorrect
3369,incorrect
3370,incorrect
3371,incorrect
3372,incorrect
3373,incorrect
3374,incorrect
3375,incorrect
3376,incorrect
3377,incorrect
3378,incorrect
3379,incorrect
3380,incorrect
3381,incorrect
3382,incorrect
3383,incorrect
3384,incorrect
3385,incorrect
3386,incorrect
3387,incorrect
3388,incorrect
3389,incorrect
3390,incorrect
3391,incorrect
3392,incorrect
3393,incorrect
3394,incorrect
3395,incorrect
3396,incorrect
3397,incorrect
3398,correct
3399,incorrect
3400,correct
3401,incorrect
3402,incorrect
3403,incorrect
3404,correct
3405,incorrect
3406,incorrect
3407,correct
3408,incorrect
3409,correct
3410,incorrect
3411,incorrect
3412,incorrect
3413,correct
3414,incorrect
3415,incorrect
3416,incorrect
3417,incorrect
3418,incorrect
3419,incorrect
3420,incorrect
3421,incorrect
3422,incorrect
3423,incorrect
3424,incorrect
3425,incorrect
3426,incorrect
3427,incorrect
3428,incorrect
3429,incorrect
3430,incorrect
3431,incorrect
3432,incorrect
3433,correct
3434,incorrect
3435,incorrect
3436,incorrect
3437,incorrect
3438,incorrect
3439,incorrect
3440,incorrect
3441,incorrect
3442,incorrect
3443,incorrect
3444,incorrect
3445,incorrect
3446,incorrect
3447,incorrect
3448,incorrect
3449,incorrect
3450,correct
3451,incorrect
3452,incorrect
3453,incorrect
3454,incorrect
3455,incorrect
3456,incorrect
3457,incorrect
3458,incorrect
3459,incorrect
3460,incorrect
3461,incorrect
3462,incorrect
3463,incorrect
3464,incorrect
3465,incorrect
3466,incorrect
3467,incorrect
3468,incorrect
3469,incorrect
3470,incorrect
3471,incorrect
3472,incorrect
3473,incorrect
3474,incorrect
3475,incorrect
3476,incorrect
3477,incorrect
3478,incorrect
3479,incorrect
3480,incorrect
3481,incorrect
3482,incorrect
3483,incorrect
3484,incorrect
3485,incorrect
3486,incorrect
3487,incorrect
3488,incorrect
3489,incorrect
3490,incorrect
3491,incorrect
3492,incorrect
3493,incorrect
3494,incorrect
3495,incorrect
3496,incorrect
3497,incorrect
3498,incorrect
3499,incorrect
3500,incorrect
3501,incorrect
3502,incorrect
3503,incorrect
3504,incorrect
3505,incorrect
3506,incorrect
3507,incorrect
3508,incorrect
3509,incorrect
3510,incorrect
3511,incorrect
3512,incorrect
3513,incorrect
3514,incorrect
3515,incorrect
3516,incorrect
3517,incorrect
3518,incorrect
3519,incorrect
3520,incorrect
3521,incorrect
3522,incorrect
3523,incorrect
3524,incorrect
3525,incorrect
3526,incorrect
3527,incorrect
3528,incorrect
3529,incorrect
3530,incorrect
3531,incorrect
3532,incorrect
3533,incorrect
3534,incorrect
3535,incorrect
3536,incorrect
3537,incorrect
3538,incorrect
3539,incorrect
3540,incorrect
3541,incorrect
3542,incorrect
3543,incorrect
3544,incorrect
3545,incorrect
3546,incorrect
3547,incorrect
3548,incorrect
3549,incorrect
3550,incorrect
3551,incorrect
3552,incorrect
3553,incorrect
3554,incorrect
3555,incorrect
3556,incorrect
3557,incorrect
3558,incorrect
3559,incorrect
3560,incorrect
3561,incorrect
3562,incorrect
3563,incorrect
3564,incorrect
3565,incorrect
3566,incorrect
3567,incorrect
3568,incorrect
3569,incorrect
3570,incorrect
3571,incorrect
3572,incorrect
3573,incorrect
3574,incorrect
3575,incorrect
3576,incorrect
3577,incorrect
3578,incorrect
3579,incorrect
3580,incorrect
3582,incorrect
3583,incorrect
3584,incorrect
3585,incorrect
3586,incorrect
3587,incorrect
3588,incorrect
3589,incorrect
3590,incorrect
3591,incorrect
3592,incorrect
3593,incorrect
3594,incorrect
3595,incorrect
3596,incorrect
3597,incorrect
3598,incorrect
3599,incorrect
3600,incorrect
3601,incorrect
3602,incorrect
3603,incorrect
3604,incorrect
3605,incorrect
3606,incorrect
3607,incorrect
3608,incorrect
3609,incorrect
3610,incorrect
3611,incorrect
3612,incorrect
3613,incorrect
3614,incorrect
3615,incorrect
3616,incorrect
3617,incorrect
3618,incorrect
3619,incorrect
3620,incorrect
3621,incorrect
3622,incorrect
3623,incorrect
3624,incorrect
3625,incorrect
3626,incorrect
3627,incorrect
3628,incorrect
3629,incorrect
3630,incorrect
3631,incorrect
3632,incorrect
3633,incorrect
3634,correct
3635,incorrect
3636,incorrect
3637,incorrect
3638,incorrect
3639,incorrect
3640,incorrect
3641,incorrect
3642,incorrect
3643,incorrect
3644,incorrect
3645,incorrect
3646,incorrect
3647,incorrect
3648,incorrect
3649,incorrect
3650,incorrect
3651,incorrect
3652,incorrect
3653,incorrect
3654,incorrect
3655,incorrect
3656,incorrect
3657,incorrect
3658,incorrect
3659,incorrect
3660,incorrect
3661,incorrect
3662,incorrect
3663,incorrect
3664,incorrect
3665,incorrect
3666,correct
3667,correct
3668,correct
3669,correct
3670,incorrect
3671,incorrect
3672,incorrect
3673,incorrect
3674,incorrect
3675,incorrect
3676,incorrect
3677,incorrect
3678,incorrect
3679,incorrect
3680,incorrect
3681,incorrect
3682,incorrect
3683,incorrect
3684,incorrect
3685,incorrect
3686,incorrect
3687,incorrect
3688,incorrect
3689,incorrect
3690,incorrect
3691,incorrect
3692,incorrect
3693,incorrect
3694,incorrect
3695,incorrect
3696,incorrect
3697,incorrect
3698,incorrect
3699,incorrect
3700,incorrect
3701,incorrect
3702,incorrect
3703,incorrect
3704,incorrect
3705,incorrect
3706,incorrect
3707,incorrect
3708,incorrect
3709,incorrect
3710,incorrect
3711,incorrect
3712,incorrect
3713,incorrect
3714,incorrect
3715,incorrect
3716,incorrect
3717,incorrect
3718,incorrect
3719,incorrect
3720,incorrect
3721,correct
3722,incorrect
3723,incorrect
3724,incorrect
3725,incorrect
3726,incorrect
3727,incorrect
3728,incorrect
3729,incorrect
3730,incorrect
3731,incorrect
3732,incorrect
3733,incorrect
3734,incorrect
3735,incorrect
3736,correct
3737,incorrect
3738,incorrect
3739,correct
3740,incorrect
3741,incorrect
3742,incorrect
3743,correct
3744,incorrect
3745,incorrect
3746,incorrect
3747,incorrect
3748,correct
3749,incorrect
3750,incorrect
3751,incorrect
3752,incorrect
3753,incorrect
3754,incorrect
3755,incorrect
3756,incorrect
3757,incorrect
3758,incorrect
3759,incorrect
3760,incorrect
3761,incorrect
3762,incorrect
3763,incorrect
3764,incorrect
3765,incorrect
3766,incorrect
3767,incorrect
3768,incorrect
3769,incorrect
3770,incorrect
3771,incorrect
3772,incorrect
3773,incorrect
3774,incorrect
3775,incorrect
3776,incorrect
3777,incorrect
3778,incorrect
3779,incorrect
3780,incorrect
3781,incorrect
3782,incorrect
3783,incorrect
3784,incorrect
3785,incorrect
3786,incorrect
3787,incorrect
3788,incorrect
3789,incorrect
3790,incorrect
3791,incorrect
3792,incorrect
3793,incorrect
3794,incorrect
3795,incorrect
3796,incorrect
3797,incorrect
3798,incorrect
3799,incorrect
3800,incorrect
3801,incorrect
3802,incorrect
3803,correct
3804,incorrect
3805,incorrect
3806,incorrect
3807,incorrect
3808,incorrect
3809,incorrect
3810,incorrect
3811,incorrect
3812,incorrect
3813,incorrect
3814,incorrect
3815,incorrect
3816,incorrect
3817,incorrect
3818,incorrect
3819,incorrect
3820,incorrect
3821,incorrect
3822,incorrect
3823,incorrect
3824,incorrect
3825,incorrect
3826,incorrect
3827,incorrect
3828,incorrect
3829,incorrect
3830,incorrect
3831,incorrect
3832,incorrect
3833,incorrect
3834,incorrect
3835,incorrect
3836,incorrect
3837,incorrect
3838,incorrect
3839,incorrect
3840,incorrect
3841,incorrect
3842,incorrect
3843,incorrect
3844,incorrect
3845,incorrect
3846,correct
3847,incorrect
3848,incorrect
3849,incorrect
3850,incorrect
3851,incorrect
3852,incorrect
3853,incorrect
3854,incorrect
3855,incorrect
3856,incorrect
3857,incorrect
3858,incorrect
3859,incorrect
3860,incorrect
3861,incorrect
3862,incorrect
3863,incorrect
3864,incorrect
3865,incorrect
3866,incorrect
3867,incorrect
3868,incorrect
3869,incorrect
3870,incorrect
3871,incorrect
3872,incorrect
3873,incorrect
3874,incorrect
3875,incorrect
3876,incorrect
3877,incorrect
3878,incorrect
3879,incorrect
3880,incorrect
3881,incorrect
3882,incorrect
3883,incorrect
3884,incorrect
3885,incorrect
3886,incorrect
3887,incorrect
3888,incorrect
3889,incorrect
3890,incorrect
3891,incorrect
3892,incorrect
3893,incorrect
3894,incorrect
3895,incorrect
3896,incorrect
3897,incorrect
3898,incorrect
3899,incorrect
3900,incorrect
3901,incorrect
3902,incorrect
3903,incorrect
3904,incorrect
3905,incorrect
3906,incorrect
3907,incorrect
3908,incorrect
3909,incorrect
3910,incorrect
3911,incorrect
3912,incorrect
3913,incorrect
3914,incorrect
3915,incorrect
3916,incorrect
3917,incorrect
3918,incorrect
3919,incorrect
3920,incorrect
3921,incorrect
3922,incorrect
3923,incorrect
3924,incorrect
3925,incorrect
3926,incorrect
3927,correct
3928,incorrect
3929,incorrect
3930,incorrect
3931,incorrect
3932,incorrect
3933,incorrect
3934,incorrect
3935,incorrect
3936,incorrect
3937,incorrect
3938,incorrect
3939,incorrect
3940,incorrect
3941,incorrect
3942,incorrect
3943,incorrect
3944,incorrect
3945,incorrect
3946,incorrect
3947,incorrect
3948,incorrect
3949,incorrect
3950,incorrect
3951,incorrect
3952,incorrect
3953,incorrect
3954,incorrect
3955,incorrect
3956,incorrect
3957,incorrect
3958,incorrect
3959,incorrect
3960,incorrect
3961,incorrect
3962,incorrect
3963,incorrect
3964,incorrect
3965,incorrect
3966,incorrect
3967,incorrect
3968,incorrect
3969,incorrect
3970,incorrect
3971,incorrect
3972,incorrect
3973,incorrect
3974,incorrect
3975,incorrect
3976,incorrect
3977,incorrect
3978,incorrect
3979,incorrect
3980,incorrect
3981,incorrect
3982,incorrect
3983,incorrect
3984,incorrect
3985,incorrect
3986,incorrect
3987,incorrect
3988,incorrect
3989,correct
3990,incorrect
3991,incorrect
3992,incorrect
3993,incorrect
3994,incorrect
3995,incorrect
3996,correct
3997,incorrect
3998,incorrect
3999,incorrect
4000,incorrect
4001,incorrect
4002,incorrect
4003,incorrect
4004,incorrect
4005,incorrect
4006,incorrect
4007,incorrect
4008,incorrect
4009,incorrect
4010,incorrect
4011,incorrect
4012,incorrect
4013,incorrect
4014,incorrect
4015,incorrect
4016,incorrect
4017,incorrect
4018,incorrect
4019,incorrect
4020,incorrect
4021,incorrect
4022,incorrect
4023,incorrect
4024,incorrect
4025,incorrect
4026,incorrect
4027,incorrect
4028,incorrect
4029,incorrect
4030,incorrect
4031,incorrect
4032,incorrect
4033,incorrect
4034,incorrect
4035,incorrect
4036,incorrect
4037,incorrect
4038,incorrect
4039,incorrect
4040,incorrect
4041,incorrect
4042,incorrect
4043,incorrect
4044,incorrect
4045,incorrect
4046,incorrect
4047,incorrect
4048,incorrect
4049,incorrect
4050,incorrect
4051,incorrect
4052,incorrect
4053,incorrect
4054,incorrect
4055,incorrect
4056,incorrect
4057,incorrect
4058,incorrect
4059,incorrect
4060,incorrect
4061,incorrect
4062,incorrect
4063,incorrect
4064,incorrect
4065,incorrect
4066,incorrect
4067,incorrect
4068,incorrect
4069,incorrect
4070,incorrect
4071,incorrect
4072,incorrect
4073,incorrect
4074,incorrect
4075,incorrect
4076,incorrect
4077,incorrect
4078,incorrect
4079,incorrect
4080,incorrect
4081,incorrect
4082,correct
4083,correct
4084,incorrect
4085,correct
4086,incorrect
4087,incorrect
4088,incorrect
4089,incorrect
4090,incorrect
4091,incorrect
4092,incorrect
4093,incorrect
4094,incorrect
4095,incorrect
4096,incorrect
4097,incorrect
4098,incorrect
4099,incorrect
4100,incorrect
4101,incorrect
4102,incorrect
4103,incorrect
4104,incorrect
4105,incorrect
4106,incorrect
4107,incorrect
4108,incorrect
4109,incorrect
4110,incorrect
4111,incorrect
4112,incorrect
4113,incorrect
4114,incorrect
4115,incorrect
4116,incorrect
4117,incorrect
4118,incorrect
4119,incorrect
4120,incorrect
4121,incorrect
4122,incorrect
4123,incorrect
4124,incorrect
4125,incorrect
4126,incorrect
4127,incorrect
4128,incorrect
4129,incorrect
4130,incorrect
4131,incorrect
4132,incorrect
4133,incorrect
4134,incorrect
4135,incorrect
4136,incorrect
4137,incorrect
4138,incorrect
4139,incorrect
4140,incorrect
4141,incorrect
4142,incorrect
4143,incorrect
4144,correct
4145,correct
4146,incorrect
4147,incorrect
4148,incorrect
4149,incorrect
4150,correct
4151,incorrect
4152,incorrect
4153,incorrect
4154,incorrect
4155,incorrect
4156,incorrect
4157,incorrect
4158,incorrect
4159,incorrect
4160,incorrect
4161,incorrect
4162,incorrect
4163,incorrect
4164,incorrect
4165,incorrect
4166,incorrect
4167,incorrect
4168,incorrect
4169,incorrect
4170,incorrect
4171,incorrect
4172,incorrect
4173,incorrect
4174,incorrect
4175,incorrect
4176,incorrect
4177,incorrect
4178,incorrect
4179,incorrect
4180,incorrect
4181,incorrect
4182,incorrect
4183,incorrect
4184,incorrect
4185,incorrect
4186,incorrect
4187,incorrect
4188,incorrect
4189,incorrect
4190,correct
4191,incorrect
4192,incorrect
4193,incorrect
4194,incorrect
4195,incorrect
4196,incorrect
4197,incorrect
4198,incorrect
4199,incorrect
4200,incorrect
4201,incorrect
4202,incorrect
4203,incorrect
4204,incorrect
4205,incorrect
4206,incorrect
4207,incorrect
4208,correct
4209,incorrect
4210,incorrect
4211,incorrect
4212,incorrect
4213,incorrect
4214,incorrect
4215,incorrect
4216,incorrect
4217,incorrect
4218,incorrect
4219,incorrect
4220,incorrect
4221,incorrect
4222,incorrect
4223,incorrect
4224,incorrect
4225,incorrect
4226,incorrect
4227,incorrect
4228,incorrect
4229,incorrect
4230,incorrect
4231,incorrect
4232,incorrect
4233,incorrect
4234,incorrect
4235,incorrect
4236,incorrect
4237,incorrect
4238,incorrect
4239,incorrect
4240,incorrect
4241,incorrect
4242,incorrect
4243,incorrect
4244,incorrect
4245,incorrect
4246,correct
4247,incorrect
4248,incorrect
4249,incorrect
4250,incorrect
4251,incorrect
4252,incorrect
4253,incorrect
4254,incorrect
4255,incorrect
4256,incorrect
4257,incorrect
4258,incorrect
4259,incorrect
4260,incorrect
4261,incorrect
4262,incorrect
4263,incorrect
4264,incorrect
4265,incorrect
4266,incorrect
4267,incorrect
4268,incorrect
4269,incorrect
4270,incorrect
4271,incorrect
4272,incorrect
4273,incorrect
4274,incorrect
4275,incorrect
4276,incorrect
4277,incorrect
4278,incorrect
4279,incorrect
4280,incorrect
4281,incorrect
4282,incorrect
4283,incorrect
4284,incorrect
4285,incorrect
4286,incorrect
4287,incorrect
4288,incorrect
4289,incorrect
4290,incorrect
4291,incorrect
4292,incorrect
4293,incorrect
4294,incorrect
4295,incorrect
4296,incorrect
4297,incorrect
4298,incorrect
4299,incorrect
4300,incorrect
4301,incorrect
4302,incorrect
4303,incorrect
4304,incorrect
4305,incorrect
4306,incorrect
4307,incorrect
4308,incorrect
4309,incorrect
4310,incorrect
4311,incorrect
4312,incorrect
4313,incorrect
4314,incorrect
4315,incorrect
4316,incorrect
4317,incorrect
4318,incorrect
4319,incorrect
4320,incorrect
4321,incorrect
4322,incorrect
4323,incorrect
4324,incorrect
4325,incorrect
4326,incorrect
4327,incorrect
4328,incorrect
4329,incorrect
4330,incorrect
4331,incorrect
4332,incorrect
4333,incorrect
4334,incorrect
4335,incorrect
4336,incorrect
4337,incorrect
4338,incorrect
4339,incorrect
4340,incorrect
4341,incorrect
4342,incorrect
4343,incorrect
4344,incorrect
4345,incorrect
4346,incorrect
4347,incorrect
4348,incorrect
4349,incorrect
4350,incorrect
4351,incorrect
4352,incorrect
4353,incorrect
4354,incorrect
4355,incorrect
4356,incorrect
4357,incorrect
4358,incorrect
4359,incorrect
4360,incorrect
4361,incorrect
4362,incorrect
4363,incorrect
4364,incorrect
4365,incorrect
4366,correct
4367,incorrect
4368,incorrect
4369,incorrect
4370,incorrect
4371,incorrect
4372,incorrect
4373,incorrect
4374,incorrect
4375,incorrect
4376,correct
4377,incorrect
4378,incorrect
4379,incorrect
4380,correct
4381,incorrect
4382,incorrect
4383,incorrect
4384,incorrect
4385,incorrect
4386,incorrect
4387,incorrect
4388,incorrect
4389,incorrect
4390,incorrect
4391,incorrect
4392,incorrect
4393,incorrect
4394,incorrect
4395,correct
4396,correct
4397,incorrect
4398,incorrect
4399,incorrect
4400,incorrect
4401,incorrect
4402,incorrect
4403,incorrect
4404,incorrect
4405,incorrect
4406,incorrect
4407,incorrect
4408,incorrect
4409,incorrect
4410,incorrect
4411,incorrect
4412,incorrect
4413,incorrect
4414,incorrect
4415,incorrect
4416,incorrect
4417,incorrect
4418,incorrect
4419,incorrect
4420,incorrect
4421,incorrect
4422,incorrect
4423,incorrect
4424,incorrect
4425,incorrect
4426,incorrect
4427,incorrect
4428,incorrect
4429,incorrect
4430,incorrect
4431,incorrect
4432,incorrect
4433,incorrect
4434,incorrect
4435,incorrect
4436,incorrect
4437,incorrect
4438,incorrect
4439,incorrect
4440,incorrect
4441,incorrect
4442,incorrect
4443,incorrect
4444,incorrect
4445,incorrect
4446,incorrect
4447,incorrect
4448,incorrect
4449,incorrect
4450,incorrect
4451,incorrect
4452,incorrect
4453,incorrect
4454,incorrect
4455,incorrect
4456,incorrect
4457,incorrect
4458,incorrect
4459,incorrect
4460,incorrect
4461,incorrect
4462,incorrect
4463,incorrect
4464,incorrect
4465,incorrect
4466,incorrect
4467,incorrect
4468,incorrect
4469,incorrect
4470,incorrect
4471,incorrect
4472,incorrect
4473,incorrect
4474,incorrect
4475,incorrect
4476,incorrect
4477,incorrect
4478,incorrect
4479,incorrect
4480,incorrect
4481,incorrect
4482,incorrect
4483,incorrect
4484,incorrect
4485,incorrect
4486,incorrect
4487,incorrect
4488,incorrect
4489,incorrect
4490,incorrect
4491,incorrect
4492,incorrect
4493,incorrect
4494,incorrect
4495,incorrect
4496,incorrect
4497,incorrect
4498,incorrect
4499,incorrect
4500,incorrect
4501,incorrect
4502,incorrect
4503,incorrect
4504,incorrect
4505,incorrect
4506,incorrect
4507,incorrect
4508,incorrect
4509,incorrect
4510,incorrect
4511,incorrect
4512,incorrect
4513,incorrect
4514,incorrect
4515,incorrect
4516,incorrect
4517,incorrect
4518,incorrect
4519,incorrect
4520,incorrect
4521,incorrect
4522,incorrect
4523,incorrect
4524,incorrect
4525,incorrect
4526,incorrect
4527,incorrect
4528,incorrect
4529,correct
4530,incorrect
4531,incorrect
4532,incorrect
4533,incorrect
4534,incorrect
4535,incorrect
4536,incorrect
4537,incorrect
4538,incorrect
4539,incorrect
4540,correct
4541,incorrect
4542,incorrect
4543,incorrect
4544,incorrect
4545,incorrect
4546,incorrect
4547,incorrect
4548,incorrect
4549,incorrect
4550,incorrect
4551,incorrect
4552,incorrect
4553,incorrect
4554,incorrect
4555,incorrect
4556,correct
4557,incorrect
4558,incorrect
4559,incorrect
4560,incorrect
4561,incorrect
4562,incorrect
4563,incorrect
4564,incorrect
4565,incorrect
4566,incorrect
4567,incorrect
4568,incorrect
4569,incorrect
4570,incorrect
4571,incorrect
4572,incorrect
4573,incorrect
4574,incorrect
4575,incorrect
4576,incorrect
4577,incorrect
4578,incorrect
4579,incorrect
4580,incorrect
4581,incorrect
4582,incorrect
4583,incorrect
4584,incorrect
4585,incorrect
4586,incorrect
4587,incorrect
4588,incorrect
4589,incorrect
4590,incorrect
4591,incorrect
4592,incorrect
4593,incorrect
4594,incorrect
4595,incorrect
4596,incorrect
4597,incorrect
4598,incorrect
4599,incorrect
4600,incorrect
4601,incorrect
4602,incorrect
4603,incorrect
4604,incorrect
4605,incorrect
4606,incorrect
4607,incorrect
4608,incorrect
4609,incorrect
4610,incorrect
4611,incorrect
4612,incorrect
4613,incorrect
4614,incorrect
4615,incorrect
4616,incorrect
4617,incorrect
4618,incorrect
4619,incorrect
4620,incorrect
4621,incorrect
4622,incorrect
4623,incorrect
4624,incorrect
4625,incorrect
4626,incorrect
4627,incorrect
4628,incorrect
4629,incorrect
4630,incorrect
4631,incorrect
4632,incorrect
4633,incorrect
4634,incorrect
4635,correct
4636,incorrect
4637,incorrect
4638,incorrect
4639,incorrect
4640,incorrect
4641,incorrect
4642,incorrect
4643,incorrect
4644,incorrect
4645,incorrect
4646,incorrect
4647,incorrect
4648,incorrect
4649,incorrect
4650,incorrect
4651,incorrect
4652,incorrect
4653,incorrect
4654,incorrect
4655,incorrect
4656,incorrect
4657,incorrect
4658,incorrect
4659,incorrect
4660,incorrect
4661,incorrect
4662,incorrect
4663,incorrect
4664,incorrect
4665,incorrect
4666,incorrect
4667,incorrect
4668,incorrect
4669,incorrect
4670,incorrect
4671,incorrect
4672,incorrect
4673,incorrect
4674,incorrect
4675,incorrect
4676,incorrect
4677,incorrect
4678,incorrect
4679,incorrect
4680,incorrect
4681,incorrect
4682,incorrect
4683,correct
4684,incorrect
4685,incorrect
4686,incorrect
4687,incorrect
4688,incorrect
4689,incorrect
4690,incorrect
4691,incorrect
4692,incorrect
4693,incorrect
4694,incorrect
4695,incorrect
4696,incorrect
4697,incorrect
4698,incorrect
4699,incorrect
4700,incorrect
4701,incorrect
4702,incorrect
4703,incorrect
4704,incorrect
4705,incorrect
4706,incorrect
4707,incorrect
4708,incorrect
4709,incorrect
4710,incorrect
4711,incorrect
4712,incorrect
4713,incorrect
4714,incorrect
4715,incorrect
4716,incorrect
4717,incorrect
4718,incorrect
4719,correct
4720,incorrect
4721,incorrect
4722,incorrect
4723,incorrect
4724,incorrect
4725,correct
4726,incorrect
4727,incorrect
4728,incorrect
4729,incorrect
4730,incorrect
4731,incorrect
4732,incorrect
4733,incorrect
4734,incorrect
4735,incorrect
4736,incorrect
4737,incorrect
4738,incorrect
4739,incorrect
4740,incorrect
4741,incorrect
4742,incorrect
4743,incorrect
4744,incorrect
4745,incorrect
4746,incorrect
4747,incorrect
4748,incorrect
4749,incorrect
4750,incorrect
4751,incorrect
4752,incorrect
4753,incorrect
4754,incorrect
4755,incorrect
4756,incorrect
4757,incorrect
4758,incorrect
4759,incorrect
4760,incorrect
4761,incorrect
4762,incorrect
4763,incorrect
4764,incorrect
4765,incorrect
4766,incorrect
4767,incorrect
4768,incorrect
4769,incorrect
4770,incorrect
4771,incorrect
4772,incorrect
4773,incorrect
4774,incorrect
4775,incorrect
4776,incorrect
4777,incorrect
4778,incorrect
4779,incorrect
4780,incorrect
4781,incorrect
4782,incorrect
4783,incorrect
4784,incorrect
4785,incorrect
4786,incorrect
4787,incorrect
4788,incorrect
4789,incorrect
4790,incorrect
4791,incorrect
4792,incorrect
4793,incorrect
4794,incorrect
4795,incorrect
4796,incorrect
4797,incorrect
4798,incorrect
4799,incorrect
4800,incorrect
4801,incorrect
4802,incorrect
4803,incorrect
4804,incorrect
4805,incorrect
4806,correct
4807,incorrect
4808,incorrect
4809,incorrect
4810,incorrect
4811,incorrect
4812,incorrect
4813,incorrect
4814,incorrect
4815,incorrect
4816,incorrect
4817,incorrect
4818,incorrect
4819,incorrect
4820,incorrect
4821,incorrect
4822,incorrect
4823,incorrect
4824,incorrect
4825,incorrect
4826,incorrect
4827,incorrect
4828,incorrect
4829,incorrect
4830,correct
4831,incorrect
4832,incorrect
4833,incorrect
4834,correct
4835,incorrect
4836,incorrect
4837,incorrect
4838,incorrect
4839,incorrect
4840,correct
4841,incorrect
4842,incorrect
4843,incorrect
4844,incorrect
4845,incorrect
4846,incorrect
4847,incorrect
4848,incorrect
4849,incorrect
4850,correct
4851,incorrect
4852,incorrect
4853,incorrect
4854,incorrect
4855,incorrect
4856,incorrect
4857,incorrect
4858,incorrect
4859,incorrect
4860,incorrect
4861,incorrect
4862,incorrect
4863,incorrect
4864,incorrect
4865,incorrect
4866,incorrect
4867,incorrect
4868,incorrect
4869,incorrect
4870,incorrect
4871,incorrect
4872,incorrect
4873,incorrect
4874,incorrect
4875,incorrect
4876,incorrect
4877,incorrect
4878,incorrect
4879,incorrect
4880,incorrect
4881,incorrect
4882,incorrect
4883,incorrect
4884,incorrect
4885,incorrect
4886,incorrect
4887,incorrect
4888,incorrect
4889,incorrect
4890,incorrect
4891,incorrect
4892,incorrect
4893,incorrect
4894,incorrect
4895,incorrect
4896,incorrect
4897,incorrect
4898,incorrect
4899,incorrect
4900,incorrect
4901,incorrect
4902,incorrect
4903,incorrect
4904,incorrect
4905,incorrect
4906,incorrect
4907,incorrect
4908,incorrect
4909,incorrect
4910,incorrect
4911,incorrect
4912,incorrect
4913,incorrect
4914,incorrect
4915,incorrect
4916,incorrect
4917,incorrect
4918,incorrect
4919,correct
4920,incorrect
4921,incorrect
4922,incorrect
4923,incorrect
4924,incorrect
4925,incorrect
4926,incorrect
4927,incorrect
4928,incorrect
4929,incorrect
4930,incorrect
4931,incorrect
4932,incorrect
4933,incorrect
4934,incorrect
4935,incorrect
4936,incorrect
4937,incorrect
4938,incorrect
4939,incorrect
4940,incorrect
4941,incorrect
4942,incorrect
4943,incorrect
4944,incorrect
4945,incorrect
4946,incorrect
4947,incorrect
4948,incorrect
4949,incorrect
4950,incorrect
4951,incorrect
4952,incorrect
4953,incorrect
4954,incorrect
4955,incorrect
4956,incorrect
4957,incorrect
4958,incorrect
4959,incorrect
4960,incorrect
4961,incorrect
4962,incorrect
4963,incorrect
4964,incorrect
4965,incorrect
4966,incorrect
4967,incorrect
4968,incorrect
4969,incorrect
